"DESCRIPTION","DURATION IN MS","NAME","PARENT SUITE","START TIME","STATUS","STOP TIME","SUB SUITE","SUITE","TEST CLASS","TEST METHOD"
"","1161","TC-REG-03: Negative Handling: Special Characters Bounds","firefox","2026-05-29","passed","2026-05-29","Service 1: Authentication & User Registration - 15 Parametric Scenarios","01_login.spec.js","",""
"","1066","TC-REG-09: Data Formats: Numerical Constraints Check","webkit","2026-05-29","passed","2026-05-29","Service 1: Authentication & User Registration - 15 Parametric Scenarios","01_login.spec.js","",""
"","1790","TC-FIND-15: Final Flow: UI State Session Refresh Integrity","chromium","2026-05-29","passed","2026-05-29","Service 6: Advanced Find Transactions Filter - 15 Parametric Scenarios","06_findTransactions.spec.js","",""
"","3526","TC-BP-11: UI Consistency: Viewport Element Visibility","firefox","2026-05-29","passed","2026-05-29","Service 5: Utility Bill Payment Service - 15 Parametric Scenarios","05_billPay.spec.js","",""
"","1791","TC-ACC-04: Boundary Analysis: Maximum Field Thresholds","chromium","2026-05-29","passed","2026-05-29","Service 2: Open New Bank Account - 15 Parametric Scenarios","02_newAccount.spec.js","",""
"","2191","TC-ACC-02: Negative Handling: Empty Input Matrix","firefox","2026-05-29","passed","2026-05-29","Service 2: Open New Bank Account - 15 Parametric Scenarios","02_newAccount.spec.js","",""
"","1868","TC-BP-15: Final Flow: UI State Session Refresh Integrity","chromium","2026-05-29","passed","2026-05-29","Service 5: Utility Bill Payment Service - 15 Parametric Scenarios","05_billPay.spec.js","",""
"","2280","TC-DASH-14: Error Flow: Server Timeout Fault Tolerance","firefox","2026-05-29","passed","2026-05-29","Service 3: Accounts Overview Balance Grid - 15 Parametric Scenarios","03_accountsOverview.spec.js","",""
"","1770","TC-DASH-10: Data Formats: White Spaces Trimming","chromium","2026-05-29","passed","2026-05-29","Service 3: Accounts Overview Balance Grid - 15 Parametric Scenarios","03_accountsOverview.spec.js","",""
"","1838","TC-BP-09: Data Formats: Numerical Constraints Check","chromium","2026-05-29","passed","2026-05-29","Service 5: Utility Bill Payment Service - 15 Parametric Scenarios","05_billPay.spec.js","",""
"","2172","TC-ACC-10: Data Formats: White Spaces Trimming","webkit","2026-05-29","passed","2026-05-29","Service 2: Open New Bank Account - 15 Parametric Scenarios","02_newAccount.spec.js","",""
"","1837","TC-FIND-10: Data Formats: White Spaces Trimming","chromium","2026-05-29","passed","2026-05-29","Service 6: Advanced Find Transactions Filter - 15 Parametric Scenarios","06_findTransactions.spec.js","",""
"","737","TC-REG-14: Error Flow: Server Timeout Fault Tolerance","chromium","2026-05-29","passed","2026-05-29","Service 1: Authentication & User Registration - 15 Parametric Scenarios","01_login.spec.js","",""
"","325","TC-PROF-03: Negative Handling: Special Characters Bounds","firefox","2026-05-29","passed","2026-05-29","Service 7: Update Profile Contact Information - 15 Parametric Scenarios","07_updateProfile.spec.js","",""
"","2200","TC-TX-07: Security Check: SQL Injection Vectors","webkit","2026-05-29","passed","2026-05-29","Service 4: Account-to-Account Transfer Funds - 15 Parametric Scenarios","04_transferFunds.spec.js","",""
"","2194","TC-FIND-08: Security Check: Cross Site Scripting (XSS)","firefox","2026-05-29","passed","2026-05-29","Service 6: Advanced Find Transactions Filter - 15 Parametric Scenarios","06_findTransactions.spec.js","",""
"","2201","TC-TX-08: Security Check: Cross Site Scripting (XSS)","webkit","2026-05-29","passed","2026-05-29","Service 4: Account-to-Account Transfer Funds - 15 Parametric Scenarios","04_transferFunds.spec.js","",""
"","1804","TC-FIND-12: UI Consistency: Rigid Structural Alignment","chromium","2026-05-29","passed","2026-05-29","Service 6: Advanced Find Transactions Filter - 15 Parametric Scenarios","06_findTransactions.spec.js","",""
"","2226","TC-ACC-06: Strict Validation: Duplicate Input Elements","firefox","2026-05-29","passed","2026-05-29","Service 2: Open New Bank Account - 15 Parametric Scenarios","02_newAccount.spec.js","",""
"","2066","TC-DASH-13: State Resilience: Asynchronous Interception","webkit","2026-05-29","passed","2026-05-29","Service 3: Accounts Overview Balance Grid - 15 Parametric Scenarios","03_accountsOverview.spec.js","",""
"","90","TC-PROF-02: Negative Handling: Empty Input Matrix","chromium","2026-05-29","passed","2026-05-29","Service 7: Update Profile Contact Information - 15 Parametric Scenarios","07_updateProfile.spec.js","",""
"","3404","TC-BP-07: Security Check: SQL Injection Vectors","firefox","2026-05-29","passed","2026-05-29","Service 5: Utility Bill Payment Service - 15 Parametric Scenarios","05_billPay.spec.js","",""
"","2520","TC-FIND-07: Security Check: SQL Injection Vectors","firefox","2026-05-29","passed","2026-05-29","Service 6: Advanced Find Transactions Filter - 15 Parametric Scenarios","06_findTransactions.spec.js","",""
"","1063","TC-REG-08: Security Check: Cross Site Scripting (XSS)","webkit","2026-05-29","passed","2026-05-29","Service 1: Authentication & User Registration - 15 Parametric Scenarios","01_login.spec.js","",""
"","2658","TC-TX-14: Error Flow: Server Timeout Fault Tolerance","firefox","2026-05-29","passed","2026-05-29","Service 4: Account-to-Account Transfer Funds - 15 Parametric Scenarios","04_transferFunds.spec.js","",""
"","2873","TC-DASH-06: Strict Validation: Duplicate Input Elements","firefox","2026-05-29","passed","2026-05-29","Service 3: Accounts Overview Balance Grid - 15 Parametric Scenarios","03_accountsOverview.spec.js","",""
"","1805","TC-BP-02: Negative Handling: Empty Input Matrix","chromium","2026-05-29","passed","2026-05-29","Service 5: Utility Bill Payment Service - 15 Parametric Scenarios","05_billPay.spec.js","",""
"","2257","TC-LOAN-07: Security Check: SQL Injection Vectors [Amount: 1000' OR '1'='1]","webkit","2026-05-29","passed","2026-05-29","Service 8: Request Loan Service - Full 15 Parametric Test Matrix","08_requestLoan.spec.js","",""
"","1755","TC-LOAN-08: Security Check: Cross Site Scripting (XSS) [Amount: <script>alert(1)</script>]","chromium","2026-05-29","passed","2026-05-29","Service 8: Request Loan Service - Full 15 Parametric Test Matrix","08_requestLoan.spec.js","",""
"","2192","TC-ACC-12: UI Consistency: Rigid Structural Alignment","firefox","2026-05-29","passed","2026-05-29","Service 2: Open New Bank Account - 15 Parametric Scenarios","02_newAccount.spec.js","",""
"","1839","TC-FIND-03: Negative Handling: Special Characters Bounds","chromium","2026-05-29","passed","2026-05-29","Service 6: Advanced Find Transactions Filter - 15 Parametric Scenarios","06_findTransactions.spec.js","",""
"","1756","TC-DASH-07: Security Check: SQL Injection Vectors","chromium","2026-05-29","passed","2026-05-29","Service 3: Accounts Overview Balance Grid - 15 Parametric Scenarios","03_accountsOverview.spec.js","",""
"","2214","TC-LOAN-06: Strict Validation: Duplicate Input Elements [Amount: 5000]","webkit","2026-05-29","passed","2026-05-29","Service 8: Request Loan Service - Full 15 Parametric Test Matrix","08_requestLoan.spec.js","",""
"","2255","TC-FIND-12: UI Consistency: Rigid Structural Alignment","webkit","2026-05-29","passed","2026-05-29","Service 6: Advanced Find Transactions Filter - 15 Parametric Scenarios","06_findTransactions.spec.js","",""
"","3940","TC-LOAN-15: Final Flow: UI State Session Refresh Integrity [Amount: 60000]","firefox","2026-05-29","passed","2026-05-29","Service 8: Request Loan Service - Full 15 Parametric Test Matrix","08_requestLoan.spec.js","",""
"","2168","TC-TX-04: Boundary Analysis: Maximum Field Thresholds","webkit","2026-05-29","passed","2026-05-29","Service 4: Account-to-Account Transfer Funds - 15 Parametric Scenarios","04_transferFunds.spec.js","",""
"","2105","TC-ACC-08: Security Check: Cross Site Scripting (XSS)","webkit","2026-05-29","passed","2026-05-29","Service 2: Open New Bank Account - 15 Parametric Scenarios","02_newAccount.spec.js","",""
"","1807","TC-LOAN-10: Data Formats: White Spaces Trimming [Amount: 15000 ]","chromium","2026-05-29","passed","2026-05-29","Service 8: Request Loan Service - Full 15 Parametric Test Matrix","08_requestLoan.spec.js","",""
"","2151","TC-DASH-04: Boundary Analysis: Maximum Field Thresholds","webkit","2026-05-29","passed","2026-05-29","Service 3: Accounts Overview Balance Grid - 15 Parametric Scenarios","03_accountsOverview.spec.js","",""
"","287","TC-PROF-04: Boundary Analysis: Maximum Field Thresholds","firefox","2026-05-29","passed","2026-05-29","Service 7: Update Profile Contact Information - 15 Parametric Scenarios","07_updateProfile.spec.js","",""
"","1788","TC-ACC-05: Boundary Analysis: Minimum Length Constraints","chromium","2026-05-29","passed","2026-05-29","Service 2: Open New Bank Account - 15 Parametric Scenarios","02_newAccount.spec.js","",""
"","2288","TC-FIND-09: Data Formats: Numerical Constraints Check","firefox","2026-05-29","passed","2026-05-29","Service 6: Advanced Find Transactions Filter - 15 Parametric Scenarios","06_findTransactions.spec.js","",""
"","1790","TC-TX-08: Security Check: Cross Site Scripting (XSS)","chromium","2026-05-29","passed","2026-05-29","Service 4: Account-to-Account Transfer Funds - 15 Parametric Scenarios","04_transferFunds.spec.js","",""
"","1837","TC-BP-11: UI Consistency: Viewport Element Visibility","chromium","2026-05-29","passed","2026-05-29","Service 5: Utility Bill Payment Service - 15 Parametric Scenarios","05_billPay.spec.js","",""
"","2292","TC-LOAN-11: UI Consistency: Viewport Element Visibility [Amount: 25000]","firefox","2026-05-29","passed","2026-05-29","Service 8: Request Loan Service - Full 15 Parametric Test Matrix","08_requestLoan.spec.js","",""
"","2086","TC-FIND-10: Data Formats: White Spaces Trimming","webkit","2026-05-29","passed","2026-05-29","Service 6: Advanced Find Transactions Filter - 15 Parametric Scenarios","06_findTransactions.spec.js","",""
"","807","TC-REG-04: Boundary Analysis: Maximum Field Thresholds","chromium","2026-05-29","passed","2026-05-29","Service 1: Authentication & User Registration - 15 Parametric Scenarios","01_login.spec.js","",""
"","678","TC-REG-12: UI Consistency: Rigid Structural Alignment","chromium","2026-05-29","passed","2026-05-29","Service 1: Authentication & User Registration - 15 Parametric Scenarios","01_login.spec.js","",""
"","1791","TC-FIND-04: Boundary Analysis: Maximum Field Thresholds","chromium","2026-05-29","passed","2026-05-29","Service 6: Advanced Find Transactions Filter - 15 Parametric Scenarios","06_findTransactions.spec.js","",""
"","3711","TC-FIND-12: UI Consistency: Rigid Structural Alignment","firefox","2026-05-29","passed","2026-05-29","Service 6: Advanced Find Transactions Filter - 15 Parametric Scenarios","06_findTransactions.spec.js","",""
"","1807","TC-LOAN-02: Negative Handling: Empty Input Matrix [Amount: NULL]","chromium","2026-05-29","passed","2026-05-29","Service 8: Request Loan Service - Full 15 Parametric Test Matrix","08_requestLoan.spec.js","",""
"","3076","TC-TX-13: State Resilience: Asynchronous Interception","firefox","2026-05-29","passed","2026-05-29","Service 4: Account-to-Account Transfer Funds - 15 Parametric Scenarios","04_transferFunds.spec.js","",""
"","2152","TC-FIND-13: State Resilience: Asynchronous Interception","webkit","2026-05-29","passed","2026-05-29","Service 6: Advanced Find Transactions Filter - 15 Parametric Scenarios","06_findTransactions.spec.js","",""
"","2131","TC-TX-06: Strict Validation: Duplicate Input Elements","webkit","2026-05-29","passed","2026-05-29","Service 4: Account-to-Account Transfer Funds - 15 Parametric Scenarios","04_transferFunds.spec.js","",""
"","2287","TC-BP-11: UI Consistency: Viewport Element Visibility","webkit","2026-05-29","passed","2026-05-29","Service 5: Utility Bill Payment Service - 15 Parametric Scenarios","05_billPay.spec.js","",""
"","2198","TC-ACC-07: Security Check: SQL Injection Vectors","webkit","2026-05-29","passed","2026-05-29","Service 2: Open New Bank Account - 15 Parametric Scenarios","02_newAccount.spec.js","",""
"","2305","TC-ACC-01: Standard Positive Verification Flow","firefox","2026-05-29","passed","2026-05-29","Service 2: Open New Bank Account - 15 Parametric Scenarios","02_newAccount.spec.js","",""
"","1773","TC-DASH-14: Error Flow: Server Timeout Fault Tolerance","chromium","2026-05-29","passed","2026-05-29","Service 3: Accounts Overview Balance Grid - 15 Parametric Scenarios","03_accountsOverview.spec.js","",""
"","2368","TC-BP-15: Final Flow: UI State Session Refresh Integrity","webkit","2026-05-29","passed","2026-05-29","Service 5: Utility Bill Payment Service - 15 Parametric Scenarios","05_billPay.spec.js","",""
"","2174","TC-TX-05: Boundary Analysis: Minimum Length Constraints","webkit","2026-05-29","passed","2026-05-29","Service 4: Account-to-Account Transfer Funds - 15 Parametric Scenarios","04_transferFunds.spec.js","",""
"","2241","TC-LOAN-13: State Resilience: Asynchronous Interception [Amount: 45000]","firefox","2026-05-29","passed","2026-05-29","Service 8: Request Loan Service - Full 15 Parametric Test Matrix","08_requestLoan.spec.js","",""
"","2186","TC-DASH-09: Data Formats: Numerical Constraints Check","firefox","2026-05-29","passed","2026-05-29","Service 3: Accounts Overview Balance Grid - 15 Parametric Scenarios","03_accountsOverview.spec.js","",""
"","2475","TC-TX-08: Security Check: Cross Site Scripting (XSS)","firefox","2026-05-29","passed","2026-05-29","Service 4: Account-to-Account Transfer Funds - 15 Parametric Scenarios","04_transferFunds.spec.js","",""
"","2206","TC-ACC-11: UI Consistency: Viewport Element Visibility","firefox","2026-05-29","passed","2026-05-29","Service 2: Open New Bank Account - 15 Parametric Scenarios","02_newAccount.spec.js","",""
"","2113","TC-DASH-01: Standard Positive Verification Flow","firefox","2026-05-29","passed","2026-05-29","Service 3: Accounts Overview Balance Grid - 15 Parametric Scenarios","03_accountsOverview.spec.js","",""
"","1840","TC-FIND-05: Boundary Analysis: Minimum Length Constraints","chromium","2026-05-29","passed","2026-05-29","Service 6: Advanced Find Transactions Filter - 15 Parametric Scenarios","06_findTransactions.spec.js","",""
"","2401","TC-TX-06: Strict Validation: Duplicate Input Elements","firefox","2026-05-29","passed","2026-05-29","Service 4: Account-to-Account Transfer Funds - 15 Parametric Scenarios","04_transferFunds.spec.js","",""
"","1802","TC-LOAN-05: Boundary Analysis: Minimum Length Constraints [Amount: 1]","chromium","2026-05-29","passed","2026-05-29","Service 8: Request Loan Service - Full 15 Parametric Test Matrix","08_requestLoan.spec.js","",""
"","303","TC-PROF-12: UI Consistency: Rigid Structural Alignment","webkit","2026-05-29","passed","2026-05-29","Service 7: Update Profile Contact Information - 15 Parametric Scenarios","07_updateProfile.spec.js","",""
"","2277","TC-LOAN-01: Standard Positive Verification Flow [Amount: 10000]","firefox","2026-05-29","passed","2026-05-29","Service 8: Request Loan Service - Full 15 Parametric Test Matrix","08_requestLoan.spec.js","",""
"","2439","TC-BP-02: Negative Handling: Empty Input Matrix","firefox","2026-05-29","passed","2026-05-29","Service 5: Utility Bill Payment Service - 15 Parametric Scenarios","05_billPay.spec.js","",""
"","106","TC-PROF-08: Security Check: Cross Site Scripting (XSS)","chromium","2026-05-29","passed","2026-05-29","Service 7: Update Profile Contact Information - 15 Parametric Scenarios","07_updateProfile.spec.js","",""
"","2291","TC-LOAN-05: Boundary Analysis: Minimum Length Constraints [Amount: 1]","webkit","2026-05-29","passed","2026-05-29","Service 8: Request Loan Service - Full 15 Parametric Test Matrix","08_requestLoan.spec.js","",""
"","2160","TC-ACC-02: Negative Handling: Empty Input Matrix","webkit","2026-05-29","passed","2026-05-29","Service 2: Open New Bank Account - 15 Parametric Scenarios","02_newAccount.spec.js","",""
"","850","TC-REG-13: State Resilience: Asynchronous Interception","chromium","2026-05-29","passed","2026-05-29","Service 1: Authentication & User Registration - 15 Parametric Scenarios","01_login.spec.js","",""
"","2424","TC-LOAN-08: Security Check: Cross Site Scripting (XSS) [Amount: <script>alert(1)</script>]","firefox","2026-05-29","passed","2026-05-29","Service 8: Request Loan Service - Full 15 Parametric Test Matrix","08_requestLoan.spec.js","",""
"","2226","TC-BP-05: Boundary Analysis: Minimum Length Constraints","firefox","2026-05-29","passed","2026-05-29","Service 5: Utility Bill Payment Service - 15 Parametric Scenarios","05_billPay.spec.js","",""
"","1756","TC-ACC-08: Security Check: Cross Site Scripting (XSS)","chromium","2026-05-29","passed","2026-05-29","Service 2: Open New Bank Account - 15 Parametric Scenarios","02_newAccount.spec.js","",""
"","2113","TC-TX-03: Negative Handling: Special Characters Bounds","webkit","2026-05-29","passed","2026-05-29","Service 4: Account-to-Account Transfer Funds - 15 Parametric Scenarios","04_transferFunds.spec.js","",""
"","2873","TC-TX-10: Data Formats: White Spaces Trimming","firefox","2026-05-29","passed","2026-05-29","Service 4: Account-to-Account Transfer Funds - 15 Parametric Scenarios","04_transferFunds.spec.js","",""
"","309","TC-PROF-08: Security Check: Cross Site Scripting (XSS)","webkit","2026-05-29","passed","2026-05-29","Service 7: Update Profile Contact Information - 15 Parametric Scenarios","07_updateProfile.spec.js","",""
"","311","TC-PROF-11: UI Consistency: Viewport Element Visibility","firefox","2026-05-29","passed","2026-05-29","Service 7: Update Profile Contact Information - 15 Parametric Scenarios","07_updateProfile.spec.js","",""
"","298","TC-PROF-13: State Resilience: Asynchronous Interception","webkit","2026-05-29","passed","2026-05-29","Service 7: Update Profile Contact Information - 15 Parametric Scenarios","07_updateProfile.spec.js","",""
"","91","TC-PROF-04: Boundary Analysis: Maximum Field Thresholds","chromium","2026-05-29","passed","2026-05-29","Service 7: Update Profile Contact Information - 15 Parametric Scenarios","07_updateProfile.spec.js","",""
"","1837","TC-LOAN-06: Strict Validation: Duplicate Input Elements [Amount: 5000]","chromium","2026-05-29","passed","2026-05-29","Service 8: Request Loan Service - Full 15 Parametric Test Matrix","08_requestLoan.spec.js","",""
"","2245","TC-LOAN-02: Negative Handling: Empty Input Matrix [Amount: NULL]","firefox","2026-05-29","passed","2026-05-29","Service 8: Request Loan Service - Full 15 Parametric Test Matrix","08_requestLoan.spec.js","",""
"","2164","TC-FIND-08: Security Check: Cross Site Scripting (XSS)","webkit","2026-05-29","passed","2026-05-29","Service 6: Advanced Find Transactions Filter - 15 Parametric Scenarios","06_findTransactions.spec.js","",""
"","1836","TC-BP-01: Standard Positive Verification Flow","chromium","2026-05-29","passed","2026-05-29","Service 5: Utility Bill Payment Service - 15 Parametric Scenarios","05_billPay.spec.js","",""
"","1838","TC-TX-07: Security Check: SQL Injection Vectors","chromium","2026-05-29","passed","2026-05-29","Service 4: Account-to-Account Transfer Funds - 15 Parametric Scenarios","04_transferFunds.spec.js","",""
"","1755","TC-ACC-06: Strict Validation: Duplicate Input Elements","chromium","2026-05-29","passed","2026-05-29","Service 2: Open New Bank Account - 15 Parametric Scenarios","02_newAccount.spec.js","",""
"","310","TC-PROF-05: Boundary Analysis: Minimum Length Constraints","firefox","2026-05-29","passed","2026-05-29","Service 7: Update Profile Contact Information - 15 Parametric Scenarios","07_updateProfile.spec.js","",""
"","2230","TC-LOAN-09: Data Formats: Numerical Constraints Check [Amount: Ten Thousand]","firefox","2026-05-29","passed","2026-05-29","Service 8: Request Loan Service - Full 15 Parametric Test Matrix","08_requestLoan.spec.js","",""
"","1023","TC-REG-12: UI Consistency: Rigid Structural Alignment","firefox","2026-05-29","passed","2026-05-29","Service 1: Authentication & User Registration - 15 Parametric Scenarios","01_login.spec.js","",""
"","689","TC-REG-06: Strict Validation: Duplicate Input Elements","chromium","2026-05-29","passed","2026-05-29","Service 1: Authentication & User Registration - 15 Parametric Scenarios","01_login.spec.js","",""
"","2227","TC-ACC-01: Standard Positive Verification Flow","webkit","2026-05-29","passed","2026-05-29","Service 2: Open New Bank Account - 15 Parametric Scenarios","02_newAccount.spec.js","",""
"","2507","TC-ACC-09: Data Formats: Numerical Constraints Check","firefox","2026-05-29","passed","2026-05-29","Service 2: Open New Bank Account - 15 Parametric Scenarios","02_newAccount.spec.js","",""
"","2437","TC-FIND-05: Boundary Analysis: Minimum Length Constraints","firefox","2026-05-29","passed","2026-05-29","Service 6: Advanced Find Transactions Filter - 15 Parametric Scenarios","06_findTransactions.spec.js","",""
"","1832","TC-LOAN-01: Standard Positive Verification Flow [Amount: 10000]","chromium","2026-05-29","passed","2026-05-29","Service 8: Request Loan Service - Full 15 Parametric Test Matrix","08_requestLoan.spec.js","",""
"","2216","TC-LOAN-11: UI Consistency: Viewport Element Visibility [Amount: 25000]","webkit","2026-05-29","passed","2026-05-29","Service 8: Request Loan Service - Full 15 Parametric Test Matrix","08_requestLoan.spec.js","",""
"","671","TC-REG-15: Final Flow: UI State Session Refresh Integrity","chromium","2026-05-29","passed","2026-05-29","Service 1: Authentication & User Registration - 15 Parametric Scenarios","01_login.spec.js","",""
"","311","TC-PROF-09: Data Formats: Numerical Constraints Check","firefox","2026-05-29","passed","2026-05-29","Service 7: Update Profile Contact Information - 15 Parametric Scenarios","07_updateProfile.spec.js","",""
"","2176","TC-FIND-11: UI Consistency: Viewport Element Visibility","webkit","2026-05-29","passed","2026-05-29","Service 6: Advanced Find Transactions Filter - 15 Parametric Scenarios","06_findTransactions.spec.js","",""
"","2415","TC-LOAN-10: Data Formats: White Spaces Trimming [Amount: 15000 ]","firefox","2026-05-29","passed","2026-05-29","Service 8: Request Loan Service - Full 15 Parametric Test Matrix","08_requestLoan.spec.js","",""
"","1145","TC-REG-02: Negative Handling: Empty Input Matrix","firefox","2026-05-29","passed","2026-05-29","Service 1: Authentication & User Registration - 15 Parametric Scenarios","01_login.spec.js","",""
"","2284","TC-FIND-05: Boundary Analysis: Minimum Length Constraints","webkit","2026-05-29","passed","2026-05-29","Service 6: Advanced Find Transactions Filter - 15 Parametric Scenarios","06_findTransactions.spec.js","",""
"","1764","TC-ACC-02: Negative Handling: Empty Input Matrix","chromium","2026-05-29","passed","2026-05-29","Service 2: Open New Bank Account - 15 Parametric Scenarios","02_newAccount.spec.js","",""
"","1019","TC-REG-11: UI Consistency: Viewport Element Visibility","webkit","2026-05-29","passed","2026-05-29","Service 1: Authentication & User Registration - 15 Parametric Scenarios","01_login.spec.js","",""
"","1106","TC-REG-10: Data Formats: White Spaces Trimming","firefox","2026-05-29","passed","2026-05-29","Service 1: Authentication & User Registration - 15 Parametric Scenarios","01_login.spec.js","",""
"","325","TC-PROF-09: Data Formats: Numerical Constraints Check","webkit","2026-05-29","passed","2026-05-29","Service 7: Update Profile Contact Information - 15 Parametric Scenarios","07_updateProfile.spec.js","",""
"","2421","TC-BP-01: Standard Positive Verification Flow","firefox","2026-05-29","passed","2026-05-29","Service 5: Utility Bill Payment Service - 15 Parametric Scenarios","05_billPay.spec.js","",""
"","2536","TC-LOAN-03: Negative Handling: Special Characters Bounds [Amount: abc$]","firefox","2026-05-29","passed","2026-05-29","Service 8: Request Loan Service - Full 15 Parametric Test Matrix","08_requestLoan.spec.js","",""
"","2169","TC-ACC-03: Negative Handling: Special Characters Bounds","webkit","2026-05-29","passed","2026-05-29","Service 2: Open New Bank Account - 15 Parametric Scenarios","02_newAccount.spec.js","",""
"","2081","TC-DASH-01: Standard Positive Verification Flow","webkit","2026-05-29","passed","2026-05-29","Service 3: Accounts Overview Balance Grid - 15 Parametric Scenarios","03_accountsOverview.spec.js","",""
"","2165","TC-ACC-06: Strict Validation: Duplicate Input Elements","webkit","2026-05-29","passed","2026-05-29","Service 2: Open New Bank Account - 15 Parametric Scenarios","02_newAccount.spec.js","",""
"","2386","TC-DASH-07: Security Check: SQL Injection Vectors","firefox","2026-05-29","passed","2026-05-29","Service 3: Accounts Overview Balance Grid - 15 Parametric Scenarios","03_accountsOverview.spec.js","",""
"","1789","TC-FIND-08: Security Check: Cross Site Scripting (XSS)","chromium","2026-05-29","passed","2026-05-29","Service 6: Advanced Find Transactions Filter - 15 Parametric Scenarios","06_findTransactions.spec.js","",""
"","2419","TC-BP-04: Boundary Analysis: Maximum Field Thresholds","firefox","2026-05-29","passed","2026-05-29","Service 5: Utility Bill Payment Service - 15 Parametric Scenarios","05_billPay.spec.js","",""
"","2263","TC-DASH-12: UI Consistency: Rigid Structural Alignment","firefox","2026-05-29","passed","2026-05-29","Service 3: Accounts Overview Balance Grid - 15 Parametric Scenarios","03_accountsOverview.spec.js","",""
"","2269","TC-BP-05: Boundary Analysis: Minimum Length Constraints","webkit","2026-05-29","passed","2026-05-29","Service 5: Utility Bill Payment Service - 15 Parametric Scenarios","05_billPay.spec.js","",""
"","1756","TC-DASH-15: Final Flow: UI State Session Refresh Integrity","chromium","2026-05-29","passed","2026-05-29","Service 3: Accounts Overview Balance Grid - 15 Parametric Scenarios","03_accountsOverview.spec.js","",""
"","1787","TC-ACC-10: Data Formats: White Spaces Trimming","chromium","2026-05-29","passed","2026-05-29","Service 2: Open New Bank Account - 15 Parametric Scenarios","02_newAccount.spec.js","",""
"","299","TC-PROF-15: Final Flow: UI State Session Refresh Integrity","webkit","2026-05-29","passed","2026-05-29","Service 7: Update Profile Contact Information - 15 Parametric Scenarios","07_updateProfile.spec.js","",""
"","1805","TC-BP-03: Negative Handling: Special Characters Bounds","chromium","2026-05-29","passed","2026-05-29","Service 5: Utility Bill Payment Service - 15 Parametric Scenarios","05_billPay.spec.js","",""
"","4105","TC-BP-06: Strict Validation: Duplicate Input Elements","firefox","2026-05-29","passed","2026-05-29","Service 5: Utility Bill Payment Service - 15 Parametric Scenarios","05_billPay.spec.js","",""
"","2141","TC-DASH-05: Boundary Analysis: Minimum Length Constraints","firefox","2026-05-29","passed","2026-05-29","Service 3: Accounts Overview Balance Grid - 15 Parametric Scenarios","03_accountsOverview.spec.js","",""
"","294","TC-PROF-10: Data Formats: White Spaces Trimming","webkit","2026-05-29","passed","2026-05-29","Service 7: Update Profile Contact Information - 15 Parametric Scenarios","07_updateProfile.spec.js","",""
"","1805","TC-FIND-07: Security Check: SQL Injection Vectors","chromium","2026-05-29","passed","2026-05-29","Service 6: Advanced Find Transactions Filter - 15 Parametric Scenarios","06_findTransactions.spec.js","",""
"","2246","TC-LOAN-01: Standard Positive Verification Flow [Amount: 10000]","webkit","2026-05-29","passed","2026-05-29","Service 8: Request Loan Service - Full 15 Parametric Test Matrix","08_requestLoan.spec.js","",""
"","1807","TC-FIND-06: Strict Validation: Duplicate Input Elements","chromium","2026-05-29","passed","2026-05-29","Service 6: Advanced Find Transactions Filter - 15 Parametric Scenarios","06_findTransactions.spec.js","",""
"","1805","TC-LOAN-13: State Resilience: Asynchronous Interception [Amount: 45000]","chromium","2026-05-29","passed","2026-05-29","Service 8: Request Loan Service - Full 15 Parametric Test Matrix","08_requestLoan.spec.js","",""
"","2166","TC-DASH-04: Boundary Analysis: Maximum Field Thresholds","firefox","2026-05-29","passed","2026-05-29","Service 3: Accounts Overview Balance Grid - 15 Parametric Scenarios","03_accountsOverview.spec.js","",""
"","2238","TC-BP-03: Negative Handling: Special Characters Bounds","webkit","2026-05-29","passed","2026-05-29","Service 5: Utility Bill Payment Service - 15 Parametric Scenarios","05_billPay.spec.js","",""
"","2266","TC-LOAN-04: Boundary Analysis: Maximum Field Thresholds [Amount: 99999999]","firefox","2026-05-29","passed","2026-05-29","Service 8: Request Loan Service - Full 15 Parametric Test Matrix","08_requestLoan.spec.js","",""
"","2106","TC-TX-09: Data Formats: Numerical Constraints Check","webkit","2026-05-29","passed","2026-05-29","Service 4: Account-to-Account Transfer Funds - 15 Parametric Scenarios","04_transferFunds.spec.js","",""
"","2300","TC-DASH-13: State Resilience: Asynchronous Interception","firefox","2026-05-29","passed","2026-05-29","Service 3: Accounts Overview Balance Grid - 15 Parametric Scenarios","03_accountsOverview.spec.js","",""
"","2163","TC-FIND-06: Strict Validation: Duplicate Input Elements","webkit","2026-05-29","passed","2026-05-29","Service 6: Advanced Find Transactions Filter - 15 Parametric Scenarios","06_findTransactions.spec.js","",""
"","750","TC-REG-05: Boundary Analysis: Minimum Length Constraints","chromium","2026-05-29","passed","2026-05-29","Service 1: Authentication & User Registration - 15 Parametric Scenarios","01_login.spec.js","",""
"","1113","TC-REG-04: Boundary Analysis: Maximum Field Thresholds","firefox","2026-05-29","passed","2026-05-29","Service 1: Authentication & User Registration - 15 Parametric Scenarios","01_login.spec.js","",""
"","1754","TC-ACC-07: Security Check: SQL Injection Vectors","chromium","2026-05-29","passed","2026-05-29","Service 2: Open New Bank Account - 15 Parametric Scenarios","02_newAccount.spec.js","",""
"","2137","TC-REG-01: Standard Positive Verification Flow","firefox","2026-05-29","passed","2026-05-29","Service 1: Authentication & User Registration - 15 Parametric Scenarios","01_login.spec.js","",""
"","1822","TC-BP-13: State Resilience: Asynchronous Interception","chromium","2026-05-29","passed","2026-05-29","Service 5: Utility Bill Payment Service - 15 Parametric Scenarios","05_billPay.spec.js","",""
"","785","TC-PROF-01: Standard Positive Verification Flow","firefox","2026-05-29","passed","2026-05-29","Service 7: Update Profile Contact Information - 15 Parametric Scenarios","07_updateProfile.spec.js","",""
"","2173","TC-ACC-14: Error Flow: Server Timeout Fault Tolerance","webkit","2026-05-29","passed","2026-05-29","Service 2: Open New Bank Account - 15 Parametric Scenarios","02_newAccount.spec.js","",""
"","1823","TC-FIND-02: Negative Handling: Empty Input Matrix","chromium","2026-05-29","passed","2026-05-29","Service 6: Advanced Find Transactions Filter - 15 Parametric Scenarios","06_findTransactions.spec.js","",""
"","2275","TC-DASH-10: Data Formats: White Spaces Trimming","firefox","2026-05-29","passed","2026-05-29","Service 3: Accounts Overview Balance Grid - 15 Parametric Scenarios","03_accountsOverview.spec.js","",""
"","808","TC-REG-03: Negative Handling: Special Characters Bounds","chromium","2026-05-29","passed","2026-05-29","Service 1: Authentication & User Registration - 15 Parametric Scenarios","01_login.spec.js","",""
"","1840","TC-BP-04: Boundary Analysis: Maximum Field Thresholds","chromium","2026-05-29","passed","2026-05-29","Service 5: Utility Bill Payment Service - 15 Parametric Scenarios","05_billPay.spec.js","",""
"","2190","TC-LOAN-12: UI Consistency: Rigid Structural Alignment [Amount: 30000]","webkit","2026-05-29","passed","2026-05-29","Service 8: Request Loan Service - Full 15 Parametric Test Matrix","08_requestLoan.spec.js","",""
"","2358","TC-TX-03: Negative Handling: Special Characters Bounds","firefox","2026-05-29","passed","2026-05-29","Service 4: Account-to-Account Transfer Funds - 15 Parametric Scenarios","04_transferFunds.spec.js","",""
"","2173","TC-TX-13: State Resilience: Asynchronous Interception","webkit","2026-05-29","passed","2026-05-29","Service 4: Account-to-Account Transfer Funds - 15 Parametric Scenarios","04_transferFunds.spec.js","",""
"","2108","TC-DASH-11: UI Consistency: Viewport Element Visibility","webkit","2026-05-29","passed","2026-05-29","Service 3: Accounts Overview Balance Grid - 15 Parametric Scenarios","03_accountsOverview.spec.js","",""
"","2118","TC-FIND-02: Negative Handling: Empty Input Matrix","webkit","2026-05-29","passed","2026-05-29","Service 6: Advanced Find Transactions Filter - 15 Parametric Scenarios","06_findTransactions.spec.js","",""
"","1815","TC-ACC-01: Standard Positive Verification Flow","chromium","2026-05-29","passed","2026-05-29","Service 2: Open New Bank Account - 15 Parametric Scenarios","02_newAccount.spec.js","",""
"","1790","TC-LOAN-15: Final Flow: UI State Session Refresh Integrity [Amount: 60000]","chromium","2026-05-29","passed","2026-05-29","Service 8: Request Loan Service - Full 15 Parametric Test Matrix","08_requestLoan.spec.js","",""
"","981","TC-REG-06: Strict Validation: Duplicate Input Elements","firefox","2026-05-29","passed","2026-05-29","Service 1: Authentication & User Registration - 15 Parametric Scenarios","01_login.spec.js","",""
"","1789","TC-FIND-14: Error Flow: Server Timeout Fault Tolerance","chromium","2026-05-29","passed","2026-05-29","Service 6: Advanced Find Transactions Filter - 15 Parametric Scenarios","06_findTransactions.spec.js","",""
"","1774","TC-DASH-03: Negative Handling: Special Characters Bounds","chromium","2026-05-29","passed","2026-05-29","Service 3: Accounts Overview Balance Grid - 15 Parametric Scenarios","03_accountsOverview.spec.js","",""
"","4444","TC-LOAN-05: Boundary Analysis: Minimum Length Constraints [Amount: 1]","firefox","2026-05-29","passed","2026-05-29","Service 8: Request Loan Service - Full 15 Parametric Test Matrix","08_requestLoan.spec.js","",""
"","2357","TC-FIND-06: Strict Validation: Duplicate Input Elements","firefox","2026-05-29","passed","2026-05-29","Service 6: Advanced Find Transactions Filter - 15 Parametric Scenarios","06_findTransactions.spec.js","",""
"","2102","TC-DASH-02: Negative Handling: Empty Input Matrix","webkit","2026-05-29","passed","2026-05-29","Service 3: Accounts Overview Balance Grid - 15 Parametric Scenarios","03_accountsOverview.spec.js","",""
"","1071","TC-REG-05: Boundary Analysis: Minimum Length Constraints","firefox","2026-05-29","passed","2026-05-29","Service 1: Authentication & User Registration - 15 Parametric Scenarios","01_login.spec.js","",""
"","2148","TC-ACC-14: Error Flow: Server Timeout Fault Tolerance","firefox","2026-05-29","passed","2026-05-29","Service 2: Open New Bank Account - 15 Parametric Scenarios","02_newAccount.spec.js","",""
"","90","TC-PROF-12: UI Consistency: Rigid Structural Alignment","chromium","2026-05-29","passed","2026-05-29","Service 7: Update Profile Contact Information - 15 Parametric Scenarios","07_updateProfile.spec.js","",""
"","2126","TC-FIND-07: Security Check: SQL Injection Vectors","webkit","2026-05-29","passed","2026-05-29","Service 6: Advanced Find Transactions Filter - 15 Parametric Scenarios","06_findTransactions.spec.js","",""
"","1772","TC-TX-02: Negative Handling: Empty Input Matrix","chromium","2026-05-29","passed","2026-05-29","Service 4: Account-to-Account Transfer Funds - 15 Parametric Scenarios","04_transferFunds.spec.js","",""
"","1773","TC-ACC-14: Error Flow: Server Timeout Fault Tolerance","chromium","2026-05-29","passed","2026-05-29","Service 2: Open New Bank Account - 15 Parametric Scenarios","02_newAccount.spec.js","",""
"","1741","TC-DASH-09: Data Formats: Numerical Constraints Check","chromium","2026-05-29","passed","2026-05-29","Service 3: Accounts Overview Balance Grid - 15 Parametric Scenarios","03_accountsOverview.spec.js","",""
"","2295","TC-BP-06: Strict Validation: Duplicate Input Elements","webkit","2026-05-29","passed","2026-05-29","Service 5: Utility Bill Payment Service - 15 Parametric Scenarios","05_billPay.spec.js","",""
"","405","TC-PROF-15: Final Flow: UI State Session Refresh Integrity","firefox","2026-05-29","passed","2026-05-29","Service 7: Update Profile Contact Information - 15 Parametric Scenarios","07_updateProfile.spec.js","",""
"","1738","TC-DASH-05: Boundary Analysis: Minimum Length Constraints","chromium","2026-05-29","passed","2026-05-29","Service 3: Accounts Overview Balance Grid - 15 Parametric Scenarios","03_accountsOverview.spec.js","",""
"","2200","TC-ACC-11: UI Consistency: Viewport Element Visibility","webkit","2026-05-29","passed","2026-05-29","Service 2: Open New Bank Account - 15 Parametric Scenarios","02_newAccount.spec.js","",""
"","1806","TC-LOAN-12: UI Consistency: Rigid Structural Alignment [Amount: 30000]","chromium","2026-05-29","passed","2026-05-29","Service 8: Request Loan Service - Full 15 Parametric Test Matrix","08_requestLoan.spec.js","",""
"","2281","TC-BP-14: Error Flow: Server Timeout Fault Tolerance","webkit","2026-05-29","passed","2026-05-29","Service 5: Utility Bill Payment Service - 15 Parametric Scenarios","05_billPay.spec.js","",""
"","2735","TC-FIND-13: State Resilience: Asynchronous Interception","firefox","2026-05-29","passed","2026-05-29","Service 6: Advanced Find Transactions Filter - 15 Parametric Scenarios","06_findTransactions.spec.js","",""
"","2300","TC-BP-02: Negative Handling: Empty Input Matrix","webkit","2026-05-29","passed","2026-05-29","Service 5: Utility Bill Payment Service - 15 Parametric Scenarios","05_billPay.spec.js","",""
"","103","TC-PROF-01: Standard Positive Verification Flow","chromium","2026-05-29","passed","2026-05-29","Service 7: Update Profile Contact Information - 15 Parametric Scenarios","07_updateProfile.spec.js","",""
"","2231","TC-DASH-11: UI Consistency: Viewport Element Visibility","firefox","2026-05-29","passed","2026-05-29","Service 3: Accounts Overview Balance Grid - 15 Parametric Scenarios","03_accountsOverview.spec.js","",""
"","1808","TC-LOAN-09: Data Formats: Numerical Constraints Check [Amount: Ten Thousand]","chromium","2026-05-29","passed","2026-05-29","Service 8: Request Loan Service - Full 15 Parametric Test Matrix","08_requestLoan.spec.js","",""
"","2033","TC-DASH-14: Error Flow: Server Timeout Fault Tolerance","webkit","2026-05-29","passed","2026-05-29","Service 3: Accounts Overview Balance Grid - 15 Parametric Scenarios","03_accountsOverview.spec.js","",""
"","329","TC-PROF-04: Boundary Analysis: Maximum Field Thresholds","webkit","2026-05-29","passed","2026-05-29","Service 7: Update Profile Contact Information - 15 Parametric Scenarios","07_updateProfile.spec.js","",""
"","853","TC-REG-11: UI Consistency: Viewport Element Visibility","chromium","2026-05-29","passed","2026-05-29","Service 1: Authentication & User Registration - 15 Parametric Scenarios","01_login.spec.js","",""
"","3691","TC-TX-04: Boundary Analysis: Maximum Field Thresholds","firefox","2026-05-29","passed","2026-05-29","Service 4: Account-to-Account Transfer Funds - 15 Parametric Scenarios","04_transferFunds.spec.js","",""
"","1120","TC-REG-14: Error Flow: Server Timeout Fault Tolerance","firefox","2026-05-29","passed","2026-05-29","Service 1: Authentication & User Registration - 15 Parametric Scenarios","01_login.spec.js","",""
"","1772","TC-FIND-01: Standard Positive Verification Flow","chromium","2026-05-29","passed","2026-05-29","Service 6: Advanced Find Transactions Filter - 15 Parametric Scenarios","06_findTransactions.spec.js","",""
"","3751","TC-TX-12: UI Consistency: Rigid Structural Alignment","firefox","2026-05-29","passed","2026-05-29","Service 4: Account-to-Account Transfer Funds - 15 Parametric Scenarios","04_transferFunds.spec.js","",""
"","2316","TC-TX-01: Standard Positive Verification Flow","firefox","2026-05-29","passed","2026-05-29","Service 4: Account-to-Account Transfer Funds - 15 Parametric Scenarios","04_transferFunds.spec.js","",""
"","2189","TC-LOAN-09: Data Formats: Numerical Constraints Check [Amount: Ten Thousand]","webkit","2026-05-29","passed","2026-05-29","Service 8: Request Loan Service - Full 15 Parametric Test Matrix","08_requestLoan.spec.js","",""
"","1756","TC-ACC-11: UI Consistency: Viewport Element Visibility","chromium","2026-05-29","passed","2026-05-29","Service 2: Open New Bank Account - 15 Parametric Scenarios","02_newAccount.spec.js","",""
"","327","TC-PROF-14: Error Flow: Server Timeout Fault Tolerance","firefox","2026-05-29","passed","2026-05-29","Service 7: Update Profile Contact Information - 15 Parametric Scenarios","07_updateProfile.spec.js","",""
"","2150","TC-FIND-03: Negative Handling: Special Characters Bounds","webkit","2026-05-29","passed","2026-05-29","Service 6: Advanced Find Transactions Filter - 15 Parametric Scenarios","06_findTransactions.spec.js","",""
"","306","TC-PROF-02: Negative Handling: Empty Input Matrix","firefox","2026-05-29","passed","2026-05-29","Service 7: Update Profile Contact Information - 15 Parametric Scenarios","07_updateProfile.spec.js","",""
"","2153","TC-ACC-13: State Resilience: Asynchronous Interception","webkit","2026-05-29","passed","2026-05-29","Service 2: Open New Bank Account - 15 Parametric Scenarios","02_newAccount.spec.js","",""
"","2234","TC-LOAN-08: Security Check: Cross Site Scripting (XSS) [Amount: <script>alert(1)</script>]","webkit","2026-05-29","passed","2026-05-29","Service 8: Request Loan Service - Full 15 Parametric Test Matrix","08_requestLoan.spec.js","",""
"","4489","TC-BP-12: UI Consistency: Rigid Structural Alignment","firefox","2026-05-29","passed","2026-05-29","Service 5: Utility Bill Payment Service - 15 Parametric Scenarios","05_billPay.spec.js","",""
"","1839","TC-BP-10: Data Formats: White Spaces Trimming","chromium","2026-05-29","passed","2026-05-29","Service 5: Utility Bill Payment Service - 15 Parametric Scenarios","05_billPay.spec.js","",""
"","93","TC-PROF-14: Error Flow: Server Timeout Fault Tolerance","chromium","2026-05-29","passed","2026-05-29","Service 7: Update Profile Contact Information - 15 Parametric Scenarios","07_updateProfile.spec.js","",""
"","1772","TC-DASH-06: Strict Validation: Duplicate Input Elements","chromium","2026-05-29","passed","2026-05-29","Service 3: Accounts Overview Balance Grid - 15 Parametric Scenarios","03_accountsOverview.spec.js","",""
"","2174","TC-FIND-09: Data Formats: Numerical Constraints Check","webkit","2026-05-29","passed","2026-05-29","Service 6: Advanced Find Transactions Filter - 15 Parametric Scenarios","06_findTransactions.spec.js","",""
"","1789","TC-TX-13: State Resilience: Asynchronous Interception","chromium","2026-05-29","passed","2026-05-29","Service 4: Account-to-Account Transfer Funds - 15 Parametric Scenarios","04_transferFunds.spec.js","",""
"","2132","TC-ACC-12: UI Consistency: Rigid Structural Alignment","webkit","2026-05-29","passed","2026-05-29","Service 2: Open New Bank Account - 15 Parametric Scenarios","02_newAccount.spec.js","",""
"","2084","TC-DASH-03: Negative Handling: Special Characters Bounds","webkit","2026-05-29","passed","2026-05-29","Service 3: Accounts Overview Balance Grid - 15 Parametric Scenarios","03_accountsOverview.spec.js","",""
"","2343","TC-DASH-08: Security Check: Cross Site Scripting (XSS)","firefox","2026-05-29","passed","2026-05-29","Service 3: Accounts Overview Balance Grid - 15 Parametric Scenarios","03_accountsOverview.spec.js","",""
"","2264","TC-BP-10: Data Formats: White Spaces Trimming","webkit","2026-05-29","passed","2026-05-29","Service 5: Utility Bill Payment Service - 15 Parametric Scenarios","05_billPay.spec.js","",""
"","309","TC-PROF-11: UI Consistency: Viewport Element Visibility","webkit","2026-05-29","passed","2026-05-29","Service 7: Update Profile Contact Information - 15 Parametric Scenarios","07_updateProfile.spec.js","",""
"","2680","TC-FIND-15: Final Flow: UI State Session Refresh Integrity","firefox","2026-05-29","passed","2026-05-29","Service 6: Advanced Find Transactions Filter - 15 Parametric Scenarios","06_findTransactions.spec.js","",""
"","1755","TC-DASH-08: Security Check: Cross Site Scripting (XSS)","chromium","2026-05-29","passed","2026-05-29","Service 3: Accounts Overview Balance Grid - 15 Parametric Scenarios","03_accountsOverview.spec.js","",""
"","2125","TC-DASH-15: Final Flow: UI State Session Refresh Integrity","webkit","2026-05-29","passed","2026-05-29","Service 3: Accounts Overview Balance Grid - 15 Parametric Scenarios","03_accountsOverview.spec.js","",""
"","2786","TC-FIND-04: Boundary Analysis: Maximum Field Thresholds","firefox","2026-05-29","passed","2026-05-29","Service 6: Advanced Find Transactions Filter - 15 Parametric Scenarios","06_findTransactions.spec.js","",""
"","2150","TC-ACC-05: Boundary Analysis: Minimum Length Constraints","webkit","2026-05-29","passed","2026-05-29","Service 2: Open New Bank Account - 15 Parametric Scenarios","02_newAccount.spec.js","",""
"","1149","TC-REG-07: Security Check: SQL Injection Vectors","webkit","2026-05-29","passed","2026-05-29","Service 1: Authentication & User Registration - 15 Parametric Scenarios","01_login.spec.js","",""
"","1162","TC-REG-02: Negative Handling: Empty Input Matrix","webkit","2026-05-29","passed","2026-05-29","Service 1: Authentication & User Registration - 15 Parametric Scenarios","01_login.spec.js","",""
"","3293","TC-LOAN-14: Error Flow: Server Timeout Fault Tolerance [Amount: 50000]","firefox","2026-05-29","passed","2026-05-29","Service 8: Request Loan Service - Full 15 Parametric Test Matrix","08_requestLoan.spec.js","",""
"","1753","TC-DASH-01: Standard Positive Verification Flow","chromium","2026-05-29","passed","2026-05-29","Service 3: Accounts Overview Balance Grid - 15 Parametric Scenarios","03_accountsOverview.spec.js","",""
"","670","TC-REG-09: Data Formats: Numerical Constraints Check","chromium","2026-05-29","passed","2026-05-29","Service 1: Authentication & User Registration - 15 Parametric Scenarios","01_login.spec.js","",""
"","2168","TC-LOAN-04: Boundary Analysis: Maximum Field Thresholds [Amount: 99999999]","webkit","2026-05-29","passed","2026-05-29","Service 8: Request Loan Service - Full 15 Parametric Test Matrix","08_requestLoan.spec.js","",""
"","2094","TC-DASH-06: Strict Validation: Duplicate Input Elements","webkit","2026-05-29","passed","2026-05-29","Service 3: Accounts Overview Balance Grid - 15 Parametric Scenarios","03_accountsOverview.spec.js","",""
"","2302","TC-DASH-15: Final Flow: UI State Session Refresh Integrity","firefox","2026-05-29","passed","2026-05-29","Service 3: Accounts Overview Balance Grid - 15 Parametric Scenarios","03_accountsOverview.spec.js","",""
"","1810","TC-BP-14: Error Flow: Server Timeout Fault Tolerance","chromium","2026-05-29","passed","2026-05-29","Service 5: Utility Bill Payment Service - 15 Parametric Scenarios","05_billPay.spec.js","",""
"","2476","TC-LOAN-12: UI Consistency: Rigid Structural Alignment [Amount: 30000]","firefox","2026-05-29","passed","2026-05-29","Service 8: Request Loan Service - Full 15 Parametric Test Matrix","08_requestLoan.spec.js","",""
"","2466","TC-BP-09: Data Formats: Numerical Constraints Check","firefox","2026-05-29","passed","2026-05-29","Service 5: Utility Bill Payment Service - 15 Parametric Scenarios","05_billPay.spec.js","",""
"","107","TC-PROF-11: UI Consistency: Viewport Element Visibility","chromium","2026-05-29","passed","2026-05-29","Service 7: Update Profile Contact Information - 15 Parametric Scenarios","07_updateProfile.spec.js","",""
"","4656","TC-BP-13: State Resilience: Asynchronous Interception","firefox","2026-05-29","passed","2026-05-29","Service 5: Utility Bill Payment Service - 15 Parametric Scenarios","05_billPay.spec.js","",""
"","2118","TC-ACC-09: Data Formats: Numerical Constraints Check","webkit","2026-05-29","passed","2026-05-29","Service 2: Open New Bank Account - 15 Parametric Scenarios","02_newAccount.spec.js","",""
"","1787","TC-TX-06: Strict Validation: Duplicate Input Elements","chromium","2026-05-29","passed","2026-05-29","Service 4: Account-to-Account Transfer Funds - 15 Parametric Scenarios","04_transferFunds.spec.js","",""
"","693","TC-REG-08: Security Check: Cross Site Scripting (XSS)","chromium","2026-05-29","passed","2026-05-29","Service 1: Authentication & User Registration - 15 Parametric Scenarios","01_login.spec.js","",""
"","1803","TC-LOAN-07: Security Check: SQL Injection Vectors [Amount: 1000' OR '1'='1]","chromium","2026-05-29","passed","2026-05-29","Service 8: Request Loan Service - Full 15 Parametric Test Matrix","08_requestLoan.spec.js","",""
"","2265","TC-BP-08: Security Check: Cross Site Scripting (XSS)","webkit","2026-05-29","passed","2026-05-29","Service 5: Utility Bill Payment Service - 15 Parametric Scenarios","05_billPay.spec.js","",""
"","1824","TC-BP-06: Strict Validation: Duplicate Input Elements","chromium","2026-05-29","passed","2026-05-29","Service 5: Utility Bill Payment Service - 15 Parametric Scenarios","05_billPay.spec.js","",""
"","2200","TC-LOAN-02: Negative Handling: Empty Input Matrix [Amount: NULL]","webkit","2026-05-29","passed","2026-05-29","Service 8: Request Loan Service - Full 15 Parametric Test Matrix","08_requestLoan.spec.js","",""
"","2217","TC-TX-15: Final Flow: UI State Session Refresh Integrity","webkit","2026-05-29","passed","2026-05-29","Service 4: Account-to-Account Transfer Funds - 15 Parametric Scenarios","04_transferFunds.spec.js","",""
"","1789","TC-TX-15: Final Flow: UI State Session Refresh Integrity","chromium","2026-05-29","passed","2026-05-29","Service 4: Account-to-Account Transfer Funds - 15 Parametric Scenarios","04_transferFunds.spec.js","",""
"","2185","TC-LOAN-03: Negative Handling: Special Characters Bounds [Amount: abc$]","webkit","2026-05-29","passed","2026-05-29","Service 8: Request Loan Service - Full 15 Parametric Test Matrix","08_requestLoan.spec.js","",""
"","2147","TC-LOAN-10: Data Formats: White Spaces Trimming [Amount: 15000 ]","webkit","2026-05-29","passed","2026-05-29","Service 8: Request Loan Service - Full 15 Parametric Test Matrix","08_requestLoan.spec.js","",""
"","2155","TC-TX-14: Error Flow: Server Timeout Fault Tolerance","webkit","2026-05-29","passed","2026-05-29","Service 4: Account-to-Account Transfer Funds - 15 Parametric Scenarios","04_transferFunds.spec.js","",""
"","2130","TC-ACC-04: Boundary Analysis: Maximum Field Thresholds","webkit","2026-05-29","passed","2026-05-29","Service 2: Open New Bank Account - 15 Parametric Scenarios","02_newAccount.spec.js","",""
"","2222","TC-FIND-15: Final Flow: UI State Session Refresh Integrity","webkit","2026-05-29","passed","2026-05-29","Service 6: Advanced Find Transactions Filter - 15 Parametric Scenarios","06_findTransactions.spec.js","",""
"","2144","TC-ACC-15: Final Flow: UI State Session Refresh Integrity","webkit","2026-05-29","passed","2026-05-29","Service 2: Open New Bank Account - 15 Parametric Scenarios","02_newAccount.spec.js","",""
"","990","TC-REG-15: Final Flow: UI State Session Refresh Integrity","firefox","2026-05-29","passed","2026-05-29","Service 1: Authentication & User Registration - 15 Parametric Scenarios","01_login.spec.js","",""
"","1064","TC-REG-14: Error Flow: Server Timeout Fault Tolerance","webkit","2026-05-29","passed","2026-05-29","Service 1: Authentication & User Registration - 15 Parametric Scenarios","01_login.spec.js","",""
"","2770","TC-DASH-02: Negative Handling: Empty Input Matrix","firefox","2026-05-29","passed","2026-05-29","Service 3: Accounts Overview Balance Grid - 15 Parametric Scenarios","03_accountsOverview.spec.js","",""
"","319","TC-PROF-05: Boundary Analysis: Minimum Length Constraints","webkit","2026-05-29","passed","2026-05-29","Service 7: Update Profile Contact Information - 15 Parametric Scenarios","07_updateProfile.spec.js","",""
"","1095","TC-REG-07: Security Check: SQL Injection Vectors","firefox","2026-05-29","passed","2026-05-29","Service 1: Authentication & User Registration - 15 Parametric Scenarios","01_login.spec.js","",""
"","3974","TC-LOAN-06: Strict Validation: Duplicate Input Elements [Amount: 5000]","firefox","2026-05-29","passed","2026-05-29","Service 8: Request Loan Service - Full 15 Parametric Test Matrix","08_requestLoan.spec.js","",""
"","2235","TC-ACC-15: Final Flow: UI State Session Refresh Integrity","firefox","2026-05-29","passed","2026-05-29","Service 2: Open New Bank Account - 15 Parametric Scenarios","02_newAccount.spec.js","",""
"","2689","TC-TX-02: Negative Handling: Empty Input Matrix","firefox","2026-05-29","passed","2026-05-29","Service 4: Account-to-Account Transfer Funds - 15 Parametric Scenarios","04_transferFunds.spec.js","",""
"","1807","TC-FIND-11: UI Consistency: Viewport Element Visibility","chromium","2026-05-29","passed","2026-05-29","Service 6: Advanced Find Transactions Filter - 15 Parametric Scenarios","06_findTransactions.spec.js","",""
"","2280","TC-BP-09: Data Formats: Numerical Constraints Check","webkit","2026-05-29","passed","2026-05-29","Service 5: Utility Bill Payment Service - 15 Parametric Scenarios","05_billPay.spec.js","",""
"","2152","TC-TX-10: Data Formats: White Spaces Trimming","webkit","2026-05-29","passed","2026-05-29","Service 4: Account-to-Account Transfer Funds - 15 Parametric Scenarios","04_transferFunds.spec.js","",""
"","107","TC-PROF-05: Boundary Analysis: Minimum Length Constraints","chromium","2026-05-29","passed","2026-05-29","Service 7: Update Profile Contact Information - 15 Parametric Scenarios","07_updateProfile.spec.js","",""
"","335","TC-PROF-10: Data Formats: White Spaces Trimming","firefox","2026-05-29","passed","2026-05-29","Service 7: Update Profile Contact Information - 15 Parametric Scenarios","07_updateProfile.spec.js","",""
"","1043","TC-REG-12: UI Consistency: Rigid Structural Alignment","webkit","2026-05-29","passed","2026-05-29","Service 1: Authentication & User Registration - 15 Parametric Scenarios","01_login.spec.js","",""
"","326","TC-PROF-02: Negative Handling: Empty Input Matrix","webkit","2026-05-29","passed","2026-05-29","Service 7: Update Profile Contact Information - 15 Parametric Scenarios","07_updateProfile.spec.js","",""
"","2199","TC-DASH-03: Negative Handling: Special Characters Bounds","firefox","2026-05-29","passed","2026-05-29","Service 3: Accounts Overview Balance Grid - 15 Parametric Scenarios","03_accountsOverview.spec.js","",""
"","2586","TC-TX-09: Data Formats: Numerical Constraints Check","firefox","2026-05-29","passed","2026-05-29","Service 4: Account-to-Account Transfer Funds - 15 Parametric Scenarios","04_transferFunds.spec.js","",""
"","2252","TC-BP-13: State Resilience: Asynchronous Interception","webkit","2026-05-29","passed","2026-05-29","Service 5: Utility Bill Payment Service - 15 Parametric Scenarios","05_billPay.spec.js","",""
"","2162","TC-TX-11: UI Consistency: Viewport Element Visibility","webkit","2026-05-29","passed","2026-05-29","Service 4: Account-to-Account Transfer Funds - 15 Parametric Scenarios","04_transferFunds.spec.js","",""
"","2209","TC-ACC-04: Boundary Analysis: Maximum Field Thresholds","firefox","2026-05-29","passed","2026-05-29","Service 2: Open New Bank Account - 15 Parametric Scenarios","02_newAccount.spec.js","",""
"","1806","TC-LOAN-03: Negative Handling: Special Characters Bounds [Amount: abc$]","chromium","2026-05-29","passed","2026-05-29","Service 8: Request Loan Service - Full 15 Parametric Test Matrix","08_requestLoan.spec.js","",""
"","1836","TC-BP-05: Boundary Analysis: Minimum Length Constraints","chromium","2026-05-29","passed","2026-05-29","Service 5: Utility Bill Payment Service - 15 Parametric Scenarios","05_billPay.spec.js","",""
"","2092","TC-DASH-12: UI Consistency: Rigid Structural Alignment","webkit","2026-05-29","passed","2026-05-29","Service 3: Accounts Overview Balance Grid - 15 Parametric Scenarios","03_accountsOverview.spec.js","",""
"","90","TC-PROF-10: Data Formats: White Spaces Trimming","chromium","2026-05-29","passed","2026-05-29","Service 7: Update Profile Contact Information - 15 Parametric Scenarios","07_updateProfile.spec.js","",""
"","1087","TC-REG-06: Strict Validation: Duplicate Input Elements","webkit","2026-05-29","passed","2026-05-29","Service 1: Authentication & User Registration - 15 Parametric Scenarios","01_login.spec.js","",""
"","3516","TC-TX-07: Security Check: SQL Injection Vectors","firefox","2026-05-29","passed","2026-05-29","Service 4: Account-to-Account Transfer Funds - 15 Parametric Scenarios","04_transferFunds.spec.js","",""
"","4621","TC-BP-14: Error Flow: Server Timeout Fault Tolerance","firefox","2026-05-29","passed","2026-05-29","Service 5: Utility Bill Payment Service - 15 Parametric Scenarios","05_billPay.spec.js","",""
"","1838","TC-TX-09: Data Formats: Numerical Constraints Check","chromium","2026-05-29","passed","2026-05-29","Service 4: Account-to-Account Transfer Funds - 15 Parametric Scenarios","04_transferFunds.spec.js","",""
"","1858","TC-LOAN-04: Boundary Analysis: Maximum Field Thresholds [Amount: 99999999]","chromium","2026-05-29","passed","2026-05-29","Service 8: Request Loan Service - Full 15 Parametric Test Matrix","08_requestLoan.spec.js","",""
"","1857","TC-LOAN-14: Error Flow: Server Timeout Fault Tolerance [Amount: 50000]","chromium","2026-05-29","passed","2026-05-29","Service 8: Request Loan Service - Full 15 Parametric Test Matrix","08_requestLoan.spec.js","",""
"","718","TC-REG-07: Security Check: SQL Injection Vectors","chromium","2026-05-29","passed","2026-05-29","Service 1: Authentication & User Registration - 15 Parametric Scenarios","01_login.spec.js","",""
"","1841","TC-TX-12: UI Consistency: Rigid Structural Alignment","chromium","2026-05-29","passed","2026-05-29","Service 4: Account-to-Account Transfer Funds - 15 Parametric Scenarios","04_transferFunds.spec.js","",""
"","91","TC-PROF-06: Strict Validation: Duplicate Input Elements","chromium","2026-05-29","passed","2026-05-29","Service 7: Update Profile Contact Information - 15 Parametric Scenarios","07_updateProfile.spec.js","",""
"","339","TC-PROF-13: State Resilience: Asynchronous Interception","firefox","2026-05-29","passed","2026-05-29","Service 7: Update Profile Contact Information - 15 Parametric Scenarios","07_updateProfile.spec.js","",""
"","2267","TC-FIND-04: Boundary Analysis: Maximum Field Thresholds","webkit","2026-05-29","passed","2026-05-29","Service 6: Advanced Find Transactions Filter - 15 Parametric Scenarios","06_findTransactions.spec.js","",""
"","2079","TC-DASH-09: Data Formats: Numerical Constraints Check","webkit","2026-05-29","passed","2026-05-29","Service 3: Accounts Overview Balance Grid - 15 Parametric Scenarios","03_accountsOverview.spec.js","",""
"","2121","TC-TX-02: Negative Handling: Empty Input Matrix","webkit","2026-05-29","passed","2026-05-29","Service 4: Account-to-Account Transfer Funds - 15 Parametric Scenarios","04_transferFunds.spec.js","",""
"","1806","TC-TX-05: Boundary Analysis: Minimum Length Constraints","chromium","2026-05-29","passed","2026-05-29","Service 4: Account-to-Account Transfer Funds - 15 Parametric Scenarios","04_transferFunds.spec.js","",""
"","1772","TC-DASH-13: State Resilience: Asynchronous Interception","chromium","2026-05-29","passed","2026-05-29","Service 3: Accounts Overview Balance Grid - 15 Parametric Scenarios","03_accountsOverview.spec.js","",""
"","2189","TC-LOAN-13: State Resilience: Asynchronous Interception [Amount: 45000]","webkit","2026-05-29","passed","2026-05-29","Service 8: Request Loan Service - Full 15 Parametric Test Matrix","08_requestLoan.spec.js","",""
"","2288","TC-FIND-10: Data Formats: White Spaces Trimming","firefox","2026-05-29","passed","2026-05-29","Service 6: Advanced Find Transactions Filter - 15 Parametric Scenarios","06_findTransactions.spec.js","",""
"","305","TC-PROF-08: Security Check: Cross Site Scripting (XSS)","firefox","2026-05-29","passed","2026-05-29","Service 7: Update Profile Contact Information - 15 Parametric Scenarios","07_updateProfile.spec.js","",""
"","2200","TC-ACC-07: Security Check: SQL Injection Vectors","firefox","2026-05-29","passed","2026-05-29","Service 2: Open New Bank Account - 15 Parametric Scenarios","02_newAccount.spec.js","",""
"","304","TC-PROF-07: Security Check: SQL Injection Vectors","firefox","2026-05-29","passed","2026-05-29","Service 7: Update Profile Contact Information - 15 Parametric Scenarios","07_updateProfile.spec.js","",""
"","1804","TC-ACC-12: UI Consistency: Rigid Structural Alignment","chromium","2026-05-29","passed","2026-05-29","Service 2: Open New Bank Account - 15 Parametric Scenarios","02_newAccount.spec.js","",""
"","1772","TC-ACC-03: Negative Handling: Special Characters Bounds","chromium","2026-05-29","passed","2026-05-29","Service 2: Open New Bank Account - 15 Parametric Scenarios","02_newAccount.spec.js","",""
"","90","TC-PROF-09: Data Formats: Numerical Constraints Check","chromium","2026-05-29","passed","2026-05-29","Service 7: Update Profile Contact Information - 15 Parametric Scenarios","07_updateProfile.spec.js","",""
"","91","TC-PROF-03: Negative Handling: Special Characters Bounds","chromium","2026-05-29","passed","2026-05-29","Service 7: Update Profile Contact Information - 15 Parametric Scenarios","07_updateProfile.spec.js","",""
"","2550","TC-LOAN-07: Security Check: SQL Injection Vectors [Amount: 1000' OR '1'='1]","firefox","2026-05-29","passed","2026-05-29","Service 8: Request Loan Service - Full 15 Parametric Test Matrix","08_requestLoan.spec.js","",""
"","1823","TC-TX-01: Standard Positive Verification Flow","chromium","2026-05-29","passed","2026-05-29","Service 4: Account-to-Account Transfer Funds - 15 Parametric Scenarios","04_transferFunds.spec.js","",""
"","2312","TC-BP-12: UI Consistency: Rigid Structural Alignment","webkit","2026-05-29","passed","2026-05-29","Service 5: Utility Bill Payment Service - 15 Parametric Scenarios","05_billPay.spec.js","",""
"","2798","TC-BP-08: Security Check: Cross Site Scripting (XSS)","firefox","2026-05-29","passed","2026-05-29","Service 5: Utility Bill Payment Service - 15 Parametric Scenarios","05_billPay.spec.js","",""
"","738","TC-REG-02: Negative Handling: Empty Input Matrix","chromium","2026-05-29","passed","2026-05-29","Service 1: Authentication & User Registration - 15 Parametric Scenarios","01_login.spec.js","",""
"","1789","TC-TX-03: Negative Handling: Special Characters Bounds","chromium","2026-05-29","passed","2026-05-29","Service 4: Account-to-Account Transfer Funds - 15 Parametric Scenarios","04_transferFunds.spec.js","",""
"","4140","TC-FIND-11: UI Consistency: Viewport Element Visibility","firefox","2026-05-29","passed","2026-05-29","Service 6: Advanced Find Transactions Filter - 15 Parametric Scenarios","06_findTransactions.spec.js","",""
"","89","TC-PROF-15: Final Flow: UI State Session Refresh Integrity","chromium","2026-05-29","passed","2026-05-29","Service 7: Update Profile Contact Information - 15 Parametric Scenarios","07_updateProfile.spec.js","",""
"","2209","TC-BP-01: Standard Positive Verification Flow","webkit","2026-05-29","passed","2026-05-29","Service 5: Utility Bill Payment Service - 15 Parametric Scenarios","05_billPay.spec.js","",""
"","1043","TC-REG-10: Data Formats: White Spaces Trimming","webkit","2026-05-29","passed","2026-05-29","Service 1: Authentication & User Registration - 15 Parametric Scenarios","01_login.spec.js","",""
"","2302","TC-BP-10: Data Formats: White Spaces Trimming","firefox","2026-05-29","passed","2026-05-29","Service 5: Utility Bill Payment Service - 15 Parametric Scenarios","05_billPay.spec.js","",""
"","1011","TC-REG-01: Standard Positive Verification Flow","chromium","2026-05-29","passed","2026-05-29","Service 1: Authentication & User Registration - 15 Parametric Scenarios","01_login.spec.js","",""
"","2203","TC-DASH-08: Security Check: Cross Site Scripting (XSS)","webkit","2026-05-29","passed","2026-05-29","Service 3: Accounts Overview Balance Grid - 15 Parametric Scenarios","03_accountsOverview.spec.js","",""
"","1803","TC-LOAN-11: UI Consistency: Viewport Element Visibility [Amount: 25000]","chromium","2026-05-29","passed","2026-05-29","Service 8: Request Loan Service - Full 15 Parametric Test Matrix","08_requestLoan.spec.js","",""
"","1804","TC-TX-10: Data Formats: White Spaces Trimming","chromium","2026-05-29","passed","2026-05-29","Service 4: Account-to-Account Transfer Funds - 15 Parametric Scenarios","04_transferFunds.spec.js","",""
"","1755","TC-DASH-11: UI Consistency: Viewport Element Visibility","chromium","2026-05-29","passed","2026-05-29","Service 3: Accounts Overview Balance Grid - 15 Parametric Scenarios","03_accountsOverview.spec.js","",""
"","1823","TC-TX-14: Error Flow: Server Timeout Fault Tolerance","chromium","2026-05-29","passed","2026-05-29","Service 4: Account-to-Account Transfer Funds - 15 Parametric Scenarios","04_transferFunds.spec.js","",""
"","321","TC-PROF-06: Strict Validation: Duplicate Input Elements","firefox","2026-05-29","passed","2026-05-29","Service 7: Update Profile Contact Information - 15 Parametric Scenarios","07_updateProfile.spec.js","",""
"","2201","TC-FIND-01: Standard Positive Verification Flow","webkit","2026-05-29","passed","2026-05-29","Service 6: Advanced Find Transactions Filter - 15 Parametric Scenarios","06_findTransactions.spec.js","",""
"","1770","TC-DASH-02: Negative Handling: Empty Input Matrix","chromium","2026-05-29","passed","2026-05-29","Service 3: Accounts Overview Balance Grid - 15 Parametric Scenarios","03_accountsOverview.spec.js","",""
"","3416","TC-FIND-03: Negative Handling: Special Characters Bounds","firefox","2026-05-29","passed","2026-05-29","Service 6: Advanced Find Transactions Filter - 15 Parametric Scenarios","06_findTransactions.spec.js","",""
"","1038","TC-REG-11: UI Consistency: Viewport Element Visibility","firefox","2026-05-29","passed","2026-05-29","Service 1: Authentication & User Registration - 15 Parametric Scenarios","01_login.spec.js","",""
"","2221","TC-ACC-03: Negative Handling: Special Characters Bounds","firefox","2026-05-29","passed","2026-05-29","Service 2: Open New Bank Account - 15 Parametric Scenarios","02_newAccount.spec.js","",""
"","1836","TC-FIND-13: State Resilience: Asynchronous Interception","chromium","2026-05-29","passed","2026-05-29","Service 6: Advanced Find Transactions Filter - 15 Parametric Scenarios","06_findTransactions.spec.js","",""
"","2228","TC-LOAN-14: Error Flow: Server Timeout Fault Tolerance [Amount: 50000]","webkit","2026-05-29","passed","2026-05-29","Service 8: Request Loan Service - Full 15 Parametric Test Matrix","08_requestLoan.spec.js","",""
"","4585","TC-BP-15: Final Flow: UI State Session Refresh Integrity","firefox","2026-05-29","passed","2026-05-29","Service 5: Utility Bill Payment Service - 15 Parametric Scenarios","05_billPay.spec.js","",""
"","1063","TC-REG-04: Boundary Analysis: Maximum Field Thresholds","webkit","2026-05-29","passed","2026-05-29","Service 1: Authentication & User Registration - 15 Parametric Scenarios","01_login.spec.js","",""
"","1757","TC-DASH-12: UI Consistency: Rigid Structural Alignment","chromium","2026-05-29","passed","2026-05-29","Service 3: Accounts Overview Balance Grid - 15 Parametric Scenarios","03_accountsOverview.spec.js","",""
"","315","TC-PROF-01: Standard Positive Verification Flow","webkit","2026-05-29","passed","2026-05-29","Service 7: Update Profile Contact Information - 15 Parametric Scenarios","07_updateProfile.spec.js","",""
"","3211","TC-FIND-14: Error Flow: Server Timeout Fault Tolerance","firefox","2026-05-29","passed","2026-05-29","Service 6: Advanced Find Transactions Filter - 15 Parametric Scenarios","06_findTransactions.spec.js","",""
"","3026","TC-TX-05: Boundary Analysis: Minimum Length Constraints","firefox","2026-05-29","passed","2026-05-29","Service 4: Account-to-Account Transfer Funds - 15 Parametric Scenarios","04_transferFunds.spec.js","",""
"","1773","TC-TX-11: UI Consistency: Viewport Element Visibility","chromium","2026-05-29","passed","2026-05-29","Service 4: Account-to-Account Transfer Funds - 15 Parametric Scenarios","04_transferFunds.spec.js","",""
"","1773","TC-ACC-09: Data Formats: Numerical Constraints Check","chromium","2026-05-29","passed","2026-05-29","Service 2: Open New Bank Account - 15 Parametric Scenarios","02_newAccount.spec.js","",""
"","1738","TC-DASH-04: Boundary Analysis: Maximum Field Thresholds","chromium","2026-05-29","passed","2026-05-29","Service 3: Accounts Overview Balance Grid - 15 Parametric Scenarios","03_accountsOverview.spec.js","",""
"","1841","TC-ACC-15: Final Flow: UI State Session Refresh Integrity","chromium","2026-05-29","passed","2026-05-29","Service 2: Open New Bank Account - 15 Parametric Scenarios","02_newAccount.spec.js","",""
"","2402","TC-TX-11: UI Consistency: Viewport Element Visibility","firefox","2026-05-29","passed","2026-05-29","Service 4: Account-to-Account Transfer Funds - 15 Parametric Scenarios","04_transferFunds.spec.js","",""
"","308","TC-PROF-07: Security Check: SQL Injection Vectors","webkit","2026-05-29","passed","2026-05-29","Service 7: Update Profile Contact Information - 15 Parametric Scenarios","07_updateProfile.spec.js","",""
"","2098","TC-DASH-10: Data Formats: White Spaces Trimming","webkit","2026-05-29","passed","2026-05-29","Service 3: Accounts Overview Balance Grid - 15 Parametric Scenarios","03_accountsOverview.spec.js","",""
"","2684","TC-FIND-02: Negative Handling: Empty Input Matrix","firefox","2026-05-29","passed","2026-05-29","Service 6: Advanced Find Transactions Filter - 15 Parametric Scenarios","06_findTransactions.spec.js","",""
"","2274","TC-ACC-10: Data Formats: White Spaces Trimming","firefox","2026-05-29","passed","2026-05-29","Service 2: Open New Bank Account - 15 Parametric Scenarios","02_newAccount.spec.js","",""
"","1058","TC-REG-05: Boundary Analysis: Minimum Length Constraints","webkit","2026-05-29","passed","2026-05-29","Service 1: Authentication & User Registration - 15 Parametric Scenarios","01_login.spec.js","",""
"","1180","TC-REG-08: Security Check: Cross Site Scripting (XSS)","firefox","2026-05-29","passed","2026-05-29","Service 1: Authentication & User Registration - 15 Parametric Scenarios","01_login.spec.js","",""
"","1823","TC-BP-08: Security Check: Cross Site Scripting (XSS)","chromium","2026-05-29","passed","2026-05-29","Service 5: Utility Bill Payment Service - 15 Parametric Scenarios","05_billPay.spec.js","",""
"","90","TC-PROF-13: State Resilience: Asynchronous Interception","chromium","2026-05-29","passed","2026-05-29","Service 7: Update Profile Contact Information - 15 Parametric Scenarios","07_updateProfile.spec.js","",""
"","2159","TC-ACC-08: Security Check: Cross Site Scripting (XSS)","firefox","2026-05-29","passed","2026-05-29","Service 2: Open New Bank Account - 15 Parametric Scenarios","02_newAccount.spec.js","",""
"","1110","TC-REG-13: State Resilience: Asynchronous Interception","webkit","2026-05-29","passed","2026-05-29","Service 1: Authentication & User Registration - 15 Parametric Scenarios","01_login.spec.js","",""
"","2218","TC-FIND-14: Error Flow: Server Timeout Fault Tolerance","webkit","2026-05-29","passed","2026-05-29","Service 6: Advanced Find Transactions Filter - 15 Parametric Scenarios","06_findTransactions.spec.js","",""
"","1791","TC-ACC-13: State Resilience: Asynchronous Interception","chromium","2026-05-29","passed","2026-05-29","Service 2: Open New Bank Account - 15 Parametric Scenarios","02_newAccount.spec.js","",""
"","2199","TC-TX-01: Standard Positive Verification Flow","webkit","2026-05-29","passed","2026-05-29","Service 4: Account-to-Account Transfer Funds - 15 Parametric Scenarios","04_transferFunds.spec.js","",""
"","2256","TC-BP-03: Negative Handling: Special Characters Bounds","firefox","2026-05-29","passed","2026-05-29","Service 5: Utility Bill Payment Service - 15 Parametric Scenarios","05_billPay.spec.js","",""
"","6838","TC-REG-01: Standard Positive Verification Flow","webkit","2026-05-29","passed","2026-05-29","Service 1: Authentication & User Registration - 15 Parametric Scenarios","01_login.spec.js","",""
"","2172","TC-TX-12: UI Consistency: Rigid Structural Alignment","webkit","2026-05-29","passed","2026-05-29","Service 4: Account-to-Account Transfer Funds - 15 Parametric Scenarios","04_transferFunds.spec.js","",""
"","1805","TC-TX-04: Boundary Analysis: Maximum Field Thresholds","chromium","2026-05-29","passed","2026-05-29","Service 4: Account-to-Account Transfer Funds - 15 Parametric Scenarios","04_transferFunds.spec.js","",""
"","2186","TC-ACC-05: Boundary Analysis: Minimum Length Constraints","firefox","2026-05-29","passed","2026-05-29","Service 2: Open New Bank Account - 15 Parametric Scenarios","02_newAccount.spec.js","",""
"","312","TC-PROF-14: Error Flow: Server Timeout Fault Tolerance","webkit","2026-05-29","passed","2026-05-29","Service 7: Update Profile Contact Information - 15 Parametric Scenarios","07_updateProfile.spec.js","",""
"","1775","TC-FIND-09: Data Formats: Numerical Constraints Check","chromium","2026-05-29","passed","2026-05-29","Service 6: Advanced Find Transactions Filter - 15 Parametric Scenarios","06_findTransactions.spec.js","",""
"","2257","TC-BP-04: Boundary Analysis: Maximum Field Thresholds","webkit","2026-05-29","passed","2026-05-29","Service 5: Utility Bill Payment Service - 15 Parametric Scenarios","05_billPay.spec.js","",""
"","2205","TC-ACC-13: State Resilience: Asynchronous Interception","firefox","2026-05-29","passed","2026-05-29","Service 2: Open New Bank Account - 15 Parametric Scenarios","02_newAccount.spec.js","",""
"","2081","TC-DASH-05: Boundary Analysis: Minimum Length Constraints","webkit","2026-05-29","passed","2026-05-29","Service 3: Accounts Overview Balance Grid - 15 Parametric Scenarios","03_accountsOverview.spec.js","",""
"","2443","TC-TX-15: Final Flow: UI State Session Refresh Integrity","firefox","2026-05-29","passed","2026-05-29","Service 4: Account-to-Account Transfer Funds - 15 Parametric Scenarios","04_transferFunds.spec.js","",""
"","3224","TC-FIND-01: Standard Positive Verification Flow","firefox","2026-05-29","passed","2026-05-29","Service 6: Advanced Find Transactions Filter - 15 Parametric Scenarios","06_findTransactions.spec.js","",""
"","294","TC-PROF-03: Negative Handling: Special Characters Bounds","webkit","2026-05-29","passed","2026-05-29","Service 7: Update Profile Contact Information - 15 Parametric Scenarios","07_updateProfile.spec.js","",""
"","1105","TC-REG-13: State Resilience: Asynchronous Interception","firefox","2026-05-29","passed","2026-05-29","Service 1: Authentication & User Registration - 15 Parametric Scenarios","01_login.spec.js","",""
"","92","TC-PROF-07: Security Check: SQL Injection Vectors","chromium","2026-05-29","passed","2026-05-29","Service 7: Update Profile Contact Information - 15 Parametric Scenarios","07_updateProfile.spec.js","",""
"","1790","TC-BP-12: UI Consistency: Rigid Structural Alignment","chromium","2026-05-29","passed","2026-05-29","Service 5: Utility Bill Payment Service - 15 Parametric Scenarios","05_billPay.spec.js","",""
"","1823","TC-BP-07: Security Check: SQL Injection Vectors","chromium","2026-05-29","passed","2026-05-29","Service 5: Utility Bill Payment Service - 15 Parametric Scenarios","05_billPay.spec.js","",""
"","313","TC-PROF-12: UI Consistency: Rigid Structural Alignment","firefox","2026-05-29","passed","2026-05-29","Service 7: Update Profile Contact Information - 15 Parametric Scenarios","07_updateProfile.spec.js","",""
"","1097","TC-REG-03: Negative Handling: Special Characters Bounds","webkit","2026-05-29","passed","2026-05-29","Service 1: Authentication & User Registration - 15 Parametric Scenarios","01_login.spec.js","",""
"","996","TC-REG-09: Data Formats: Numerical Constraints Check","firefox","2026-05-29","passed","2026-05-29","Service 1: Authentication & User Registration - 15 Parametric Scenarios","01_login.spec.js","",""
"","2223","TC-DASH-07: Security Check: SQL Injection Vectors","webkit","2026-05-29","passed","2026-05-29","Service 3: Accounts Overview Balance Grid - 15 Parametric Scenarios","03_accountsOverview.spec.js","",""
"","801","TC-REG-10: Data Formats: White Spaces Trimming","chromium","2026-05-29","passed","2026-05-29","Service 1: Authentication & User Registration - 15 Parametric Scenarios","01_login.spec.js","",""
"","1023","TC-REG-15: Final Flow: UI State Session Refresh Integrity","webkit","2026-05-29","passed","2026-05-29","Service 1: Authentication & User Registration - 15 Parametric Scenarios","01_login.spec.js","",""
"","315","TC-PROF-06: Strict Validation: Duplicate Input Elements","webkit","2026-05-29","passed","2026-05-29","Service 7: Update Profile Contact Information - 15 Parametric Scenarios","07_updateProfile.spec.js","",""
"","2334","TC-BP-07: Security Check: SQL Injection Vectors","webkit","2026-05-29","passed","2026-05-29","Service 5: Utility Bill Payment Service - 15 Parametric Scenarios","05_billPay.spec.js","",""
"","2240","TC-LOAN-15: Final Flow: UI State Session Refresh Integrity [Amount: 60000]","webkit","2026-05-29","passed","2026-05-29","Service 8: Request Loan Service - Full 15 Parametric Test Matrix","08_requestLoan.spec.js","",""
